id,businessName,vertical,website,phone,email,lat,lon,source,score
"node-7722508689","Carmel Mtn Ranch Dental Care","dentist","https://cmrdentalcare.com/","+1-858-487-6453","CMRdentalcare@gmail.com","32.9830478","-117.074195","overpass","8.6"
"node-6618029711","Chula Vista Repiping","plumber","https://integrityrepipe.com/chula-vista/","+1-619-313-5744","4repipe@gmail.com","32.6289143","-117.037044","overpass","8.6"
"node-6283807349","Del Mar Endodontics","dentist","https://www.delmarendo.com/","+1-858-792-8201","contact@delmarendo.com","32.9535246","-117.2299844","overpass","8.6"
"node-7569931248","Integrity Repipe Inc","plumber","https://www.integrityrepipe.com/lakeside/","+1-619-494-3507","4repipe@gmail.com","32.8288725","-116.933097","overpass","8.6"
"node-9523676651","My Plumber CA","plumber","https://myplumberca.com","+1-619-447-5556","WeCare@MyPlumber.com","32.833128","-117.135343","overpass","8.6"
"node-5870511646","Omnitek Dental Ceramics","dentist","http://www.omnitekdental.com/","+1-619-420-0323","info@omnitekdental.com","32.6435157","-117.080967","overpass","8.6"
"node-9678584147","Pure Aesthetic Dentistry","dentist","https://pureaestheticdentistry.com/","+16198310003","contact@pureaestheticdentistry.com","32.5363046","-117.0228219","overpass","8.6"
"node-2769574259","San Diego Smile Dentistry","dentist","https://www.sd-smile.com/","+1 619 7376453","sdsmiledentist@gmail.com","32.8222296","-117.1579357","overpass","8.6"
"node-9440551281","Smile Plus Dentistry","dentist","https://smileplusdds.com/mira-mesa","+1 858 536 5550","miramesa@smileplusdds.com","32.9163987","-117.1140255","overpass","8.6"
"node-12676209970","Verday Smart Solutions","plumber","https://verdaysmartsolutions.com/","+1 858-477-3866","verdaysmart@gmail.com","32.7690703","-117.064927","overpass","8.6"
"way-31842544","A. O. Reed and Company","plumber","https://aoreed.com/","+1-858-565-4131","info@aoreed.com","32.8276629","-117.1575712","overpass","8.6"
"node-9414338726","Aero Dentistry Of San Diego","dentist","https://aerodentistry.com/","+1-858-277-2999","info@aerodentistry.com","32.8106876","-117.1161257","overpass","8.6"
"node-11980951869","Children's Dentistry of San Diego","dentist","https://starrysmilez.com","+1-858-536-1111","contact@starrysmilez.com","32.913725","-117.142792","overpass","8.6"
"node-9203987420","Ciampoli Plumbing","plumber","https://www.ciampoliplumbing.com/","+1-619-439-7153","info@ciampoliplumbing.com","32.7301762","-116.9685133","overpass","8.6"
"way-962989616","Collins Plumbing, Inc.","plumber","https://collinsplumbing.com/","+1-619-469-0800","officeadmin@collinsplumbing.com","32.7729444","-117.0240554","overpass","8.6"
"node-11542189040","Core Plumbing","plumber","https://www.coreplumbingsd.com/lakeside/","+1-619-633-2140","info@coreplumbingsd.com","32.8301315","-116.908786","overpass","8.6"
"node-12508670604","Greyling Dental","dentist","https://www.greylingdental.com","+1 858-292-1155","greylingdental@gmail.com","32.8022716","-117.1394444","overpass","8.6"
"node-9185141771","Helix Mechanical Inc","plumber","https://helixmechanical.com/","+1-619-447-6675","service@helixmechanical.com","32.8108719","-116.9637359","overpass","8.6"
"node-11247917476","Ideal Plumbing Heating Air Electrical","plumber","https://idealservice.com/","+1 619 583 7963","ideal@idealService.com","32.7912559","-117.0808065","overpass","8.6"
"way-31843079","J Geyer Plumbing","plumber","https://jgeyerplumbing.com/","+1-858-755-1811","office@jgeyerplumbing.com","32.8894654","-117.1602404","overpass","8.6"
"node-12260054260","Jagruti Patel, D.D.S. Family Dentistry","dentist","https://www.jpateldds.com","+1 858-792-2511","jpateldds2000@gmail.com","32.9543335","-117.2300075","overpass","8.6"
"node-276540980","La Jolla Colony Dental","dentist","https://lajollacolonydental.com","+1-858-546-8600","office@lajollacolonydental.com","32.8625503","-117.2247194","overpass","8.6"
"node-12756677819","Palm Dental Group","dentist","https://www.palmdentalgroup.com","+1-619-460-1991","support@TOTO88.com","32.7341304","-117.0315434","overpass","8.6"
"node-2222955809","Pearl Cosmetic DDS","dentist","https://www.pearlcosmeticdds.com/","+1-858-513-1747","CS@PearlCosmeticDDS.com","32.9627423","-117.091992","overpass","8.6"
"node-6036755254","Perfect Smiles California","dentist","https://www.perfectsmilescalifornia.com/","+1-619-656-4199","perfectsmilescalifornia@gmail.com","32.6369331","-117.016779","overpass","8.6"
"node-8851530503","Singing Hills Dentistry","dentist","https://implantdentistelcajon.com/","+1-619-670-5133","singinghillsdentistry@gmail.com","32.7404791","-116.9418885","overpass","8.6"
"node-12653491376","The Dental Orchid","dentist","https://thedentalorchid.com/","+1-858-538-5280","info@thedentalorchid.com","32.9589111","-117.1247776","overpass","8.6"
"node-5870511647","Town Centre Dental Group","dentist","https://tcdentalgroupchulavista.com/","+1-619-427-9440","tcdentalgroup@gmail.com","32.6434516","-117.08095","overpass","8.6"
"node-12142984151","Walnut Avenue Dentistry","dentist","https://sddentistry.com","+1 619-291-1181","dr@sddentistry.com","32.7412701","-117.1620155","overpass","8.6"
"node-596157925","Western Dental","dentist","https://www.westerndental.com/en-us/find-a-location/california/san-diego/3802-clairemont-mesa-boulevard/","+1-858-200-7308","corporate@westerndental.com","32.8280493","-117.205798","overpass","8.6"
"node-12724457522","Western Dental","dentist","https://www.westerndental.com/en-us/find-a-location/california/lemon-grove/7046-broadway","+1-619-419-1298","corporate@westerndental.com","32.7432831","-117.0457946","overpass","8.6"
"node-11626066493","A+ Family Dentistry","dentist","https://www.aplusfamilydentistry.com","1771829362","sandiego@aplusfamilydentistry.com","32.7554367","-117.1118503","overpass","8.6"
"way-1002514113","Bath Fitter","plumber","https://www.bathfitter.com/location/sandiegosw/","106-2694476","privacy@bathfitter.com","32.7968918","-116.9706166","overpass","8.6"
"node-12734562801","All American Plumbing","plumber","https://plumbing-sandiego.net/","+1 858-842-7876","allamericanplumbingsd@gmail.com","32.9564103","-117.0229027","overpass","8.4"
"node-2993393933","Medarts Weight Loss Specialists","med_clinic","https://Medartsweightloss.com","+1-619-866-3333","Info@medartsweightloss.com","32.718926","-117.160521","overpass","8.4"
"node-12091896572","Reproductive Wellness","med_clinic","https://reproductivewellness.com/","+1-858-381-2281","frontdesk@reproductivewellness.com","32.7707108","-117.1339888","overpass","8.4"
"node-4865734055","The Secret Vein Clinic","med_clinic","https://thesecretveinclinic.com/","+1-8584123353","info@thesecretveinclinic.com","32.8425748","-117.2734455","overpass","8.4"
"node-11150421504","IWC Primary Care, An Innovative Wellness Clinic","med_clinic","https://www.iwcprimarycare.com/","+1 858-648-0755","NP.Lily@iwcprimarycare.com","32.7301881","-116.9708925","overpass","8.4"
"node-12492343984","YourEggs","med_clinic","https://youreggs.com/egg-donors-san-diego/","+1 858-815-5444","Info@youreggs.com","32.9193699","-117.2382501","overpass","8.4"
"node-13461116078","CalTMS","med_clinic","https://caltms.com/","17297604539","reagan@anodeagency.com","32.8352074","-116.9852226","overpass","8.4"
"node-12985368243","Sunset Cliffs Plumbing, Water Heater Repair & Drain Cleaning","plumber","https://www.sunsetcliffsplumbing.com","+1 858-544-0742","John@sunsetcliffsplumbing.com","32.7440418","-117.2544459","overpass","8.3"
"node-5481062041","San Diego American Indian Health Center","med_clinic","https://sdaihc.org/","+1 619 234 2158","info@sdaihc.org","32.7328889","-117.164222","overpass","8.2"
"node-9188657296","St. Paul's Place","med_clinic","https://www.stpaulspace.org/locations/pace-el-cajon/","+1-619-551-7400","info@stpaulspace.org","32.8083221","-116.9352291","overpass","8.2"
"way-31802320","Student Health Services","med_clinic","https://studenthealth.ucsd.edu/","+1-858-534-3300","studenthealth@ucsd.edu","32.8794519","-117.2380578","overpass","8.2"
"node-10113857462","Restore SD Plastic Surgery: Katerina Gallus, MD, FACS","med_clinic","https://restoresdplasticsurgery.com/","+1 858-224-2281","info@restoresdplasticsurgery.com","32.8699117","-117.2277442","overpass","8.1"
"node-5144565100","Armstrong & Associates","real_estate","https://armstrongestates.com/","+1-858-229-8752","todd3778@gmail.com","32.7500093","-117.1707856","overpass","8"
"node-596324137","Casa By Craft","real_estate","https://www.casabycraft.com","+1-619-994-0045","contact@casabycraft.com","32.76964","-117.133837","overpass","8"
"node-596448390","Jeremy Root San Diego Realtor®","real_estate","https://www.jeremyroot.com/","+1-858-531-3395","jerermy@jeremyroot.com","32.910595","-117.1142485","overpass","8"
"node-13555685940","McT Real Estate Group","real_estate","https://www.mctrealestategroup.com/","+1-619-736-7003","info@mctrealestategroup.com","32.7803893","-117.1301312","overpass","8"
"node-5185425049","Aumann Bender & Associates","real_estate","https://www.luxurysocalrealty.com","+1-760-212-2717","hello@luxurysocalrealty.com","32.8481226","-117.27338","overpass","8"
"way-132907298","TLC Manufactured Homes, Inc.","real_estate","http://www.tlcmanufacturedhomes.com/","+1 858-486-0771","chris@contempographicdesign.com","32.9577257","-117.0399506","overpass","8"
"way-1305851964","Colwell Realty Sales & Property Management","real_estate","https://www.colwellproperties.com","2261134234","Office@colwellrealtyib.com","32.5841568","-117.131063","overpass","8"
"node-13585620065","Baja Dental Smile","dentist","https://www.mexdentalimplants.com","","hello@mexdentalimplants.com","32.520784","-117.0124962","overpass","7.6"
"node-12281098009","Altura Mental Health","med_clinic","https://alturamentalhealth.com/","","info@alturamentalhealth.com","32.7993105","-117.2416537","overpass","7.4"
"node-12497637215","Barely There Beauty Bar","med_spa","https://www.barelytheresd.com/","+1-619-880-0046","barelytheresd@gmail.com","32.756134","-117.1971886","overpass","7.4"
"node-10920768139","HD Skincare & Lashes","med_spa","https://haleydiedrich.glossgenius.com/","+1 619 402 5909","hdskincare21@gmail.com","32.8415309","-116.9959431","overpass","7.4"
"node-12829538101","Reflections Salon & Day Spa","med_spa","http://reflectionssalonwebsite.com","+1-619-334-2240","gingerreflections@gmail.com","32.858834","-116.9215225","overpass","7.4"
"node-4798653388","Crawford Glam","med_spa","https://crawfordglam.com","+1-858-230-7574","info@crawfordglam.com","32.8439249","-117.2739362","overpass","7.4"
"node-5870511586","Maile's Nails","med_spa","https://mailesnails.com/","+1-619-585-4761","micah@micahrich.com","32.6402964","-117.0793261","overpass","7.4"
"node-9414338727","Revive Lash & Nail","med_spa","http://revivelashandnail.com/","+1-619-466-6854","PERFECTBEAUTYCENTER7140@GMAIL.COM","32.8108596","-117.1159797","overpass","7.4"
"node-2609048960","Nailoscope","med_spa","https://nailoscope.com/","1707873563","info@nailoscope.com","32.8274786","-117.2063952","overpass","7.4"
"node-10170227727","Orissa Spa Boutique","med_spa","https://orissaspa.com/","1748355328","info@orissaspa.com","32.6605385","-116.9703483","overpass","7.4"
"node-12903818356","Waxing the City","med_spa","https://www.waxingthecity.com/locations/w498/us/ca/san-diego/","10331260218","mediainquiries@sebrands.com","32.9207676","-117.2135444","overpass","7.4"
"node-3674344403","Dental Pacifico","dentist","","(01152664)6343325","zaboriarjo@hotmail.com","32.5241587","-117.013564","overpass","6.3"
"node-5870512085","Pacific Dental","dentist","","+14761600","PacificDental1@gmail.com","32.6406499","-117.079977","overpass","6.3"
"node-12653491379","Truong Orthodontist","dentist","","+1-858-484-4707","drtruong@post.harvard.edu","32.95884","-117.1247014","overpass","6.3"
"node-6311883429","Ace Contractors Plumbing, Heating, And Air","plumber","https://www.plumbing-heating-air-experts.com/","+1 858 480 6618","","32.7120478","-117.1676218","overpass","5.6"
"node-9270946571","Anderson Plumbing, Heating & Air","plumber","https://www.andersonplumbingheatingandair.com","+1-619-866-4996","","32.8214017","-116.9802032","overpass","5.6"
"node-8855566586","Bright Now! Dental","dentist","https://www.brightnow.com/dentist-near-me/el-cajon-dentist/51050","+1-619-212-7959","","32.7453366","-116.92934","overpass","5.6"
"node-12145134201","Carmel Valley Dentist Office","dentist","https://www.carmelvalleydentistoffice.com","+1 858-251-1407","","32.9290642","-117.1974587","overpass","5.6"
"node-5870511642","Chula Vista Smiles","dentist","https://chulavista-smiles.com/","+1-619-427-1315","","32.6440109","-117.08116","overpass","5.6"
"node-9411532272","Collins Pacific Plumbing, Inc.","plumber","https://www.collinspacific.com/","+1-858-361-4140","","32.8853394","-117.1570847","overpass","5.6"
"node-12128842939","Convoy Dental","dentist","https://www.convoydental.com","+1 858-223-9632;+1 858-569-1100","","32.8137603","-117.1531665","overpass","5.6"
"node-9968736672","El Cajon Family Dental","dentist","http://elcajonfamilydental.com/","+1 619 466 1292","","32.8005231","-117.0026162","overpass","5.6"
"node-6321267779","Estrella Dental Implant & Cosmetic Center","dentist","https://www.estrelladental.com/","+1-619-397-4111","","32.6512389","-116.9560889","overpass","5.6"
"node-12356671875","Impression Dental Group","dentist","https://www.impressiondentalgroup.com","+1 858-578-4677","","32.9144409","-117.1461166","overpass","5.6"
"node-4578719697","Korel Family Dentistry","dentist","https://dentistelcajon.com/","+1-619-444-3393","","32.7781266","-116.956899","overpass","5.6"
"node-12208941458","La Jolla Dental Image","dentist","https://lajolladentalimage.com","+1 858-202-0481","","32.8730204","-117.2176038","overpass","5.6"
"node-13318445984","Lemon Grove Dental","dentist","https://lemongrovedental.com","+1-619-697-9501","","32.7438039","-117.022746","overpass","5.6"
"way-958889258","Mark A. Kretz, D.D.S.","dentist","https://www.markkretzdds.com/","+1-619-222-0531","","32.730178","-117.2257929","overpass","5.6"
"node-9409191260","Mr. Rooter","plumber","https://mrrooter.com/san-diego-county/","+1-858-278-7600","","32.8382493","-117.1243678","overpass","5.6"
"node-3017460778","My Plumber CA","plumber","https://www.myplumberca.com/","+1-619-447-5556","","32.834861","-117.163364","overpass","5.6"
"node-12425573320","Naples Dental","dentist","https://www.naplesdental.com","+1-619-425-5323","","32.6136964","-117.0707107","overpass","5.6"
"node-13569267410","Nimmi Shine Dental","dentist","https://nimmishinedental.com","+1 858 999-8550","","32.899961","-117.1187151","overpass","5.6"
"node-10604574591","North County Orthopedic Medical Group","dentist","https://northcountyomg.com","+1-858-457-4040","","32.8699413","-117.226748","overpass","5.6"
"node-9684712979","Pacific Beach Family Dental","dentist","https://pbfamilydental.com","+1 858-270-1922","","32.8018664","-117.253372","overpass","5.6"
"node-12653491370","Pierce Family Dentistry","dentist","https://www.piercefamilydental.com/","+1-858-484-3300","","32.9569027","-117.1273353","overpass","5.6"
"node-11960784598","Point Loma Electric and Plumbing","plumber","https://www.pointlomaelectric.com/","+1 619-738-3101","","32.8301422","-117.1470574","overpass","5.6"
"node-12653491360","PQ Family Dental","dentist","https://www.pqfamilydental.com/","+1-858-484-9222","","32.9574988","-117.1253838","overpass","5.6"
"node-8851450227","RSD Dental Group & Orthodontics","dentist","https://www.rsddentalgroup.com","+1-619-660-2424","","32.7389668","-116.9382144","overpass","5.6"
"node-10661145899","San Diego Dental Center","dentist","https://www.sandiegodentalcenter.com/","+1-619-462-8550","","32.7799773","-117.008862","overpass","5.6"
"node-12136805301","Smile Dental of San Diego","dentist","https://smiledentalservices.com/","+1-619-462-2272","","32.7589035","-117.0363786","overpass","5.6"
"node-10835627098","Socal Plumber Experts","plumber","https://www.socalplumberexperts.com/","+1 619 704 0525","","32.8338734","-117.2095674","overpass","5.6"
"node-5737498536","Sorrento Valley Dental Group","dentist","https://www.sorrentovalleydental.com/","+1-858-558-2121","","32.9000763","-117.1884799","overpass","5.6"
"node-8840489122","Sun Valley Dental Care","dentist","https://sunvalleydentalcare.com","+1-619-413-1121","","32.7945712","-116.9401659","overpass","5.6"
"node-12078151303","Gechoff Orthodontics","dentist","https://www.gechofforthodontics.com","619-448-1611","","32.8353592","-116.9854578","overpass","5.6"
"way-31809757","Coast Dental Care","dentist","http://www.coastdentalcare.net/","+1-619-265-0072","","32.7669312","-117.0564914","overpass","5.4"
"way-31843329","Concentra Urgent Care","med_clinic","https://www.concentra.com/urgent-care-centers/california/bay-area/kearny-mesa-urgent-care/","+1-858-277-2744","","32.8361008","-117.1261586","overpass","5.4"
"node-10775676703","Dermal Fillers Botox La Jolla: Dr. Godin, MD","med_clinic","https://www.drgodin.com/botox-la-jolla","+1 858-247-6045","","32.842679","-117.2735138","overpass","5.4"
"node-8849316447","Fresenius Kidney Care Fletcher Parkway","med_clinic","https://www.freseniuskidneycare.com/dialysis-centers/california/7192","+1-619-442-4122","","32.8084697","-116.972973","overpass","5.4"
"node-8840551525","Jamacha Urgent Medical Center","med_clinic","https://www.sharp.com/san-diego-doctors/dr-linda-rouel-82319","+1-619-456-9340","","32.7843958","-116.9287792","overpass","5.4"
"node-5483048438","La Jolla Cosmetic Surgery Centre","med_clinic","https://www.ljcsc.com/","+1 858 452 1981","","32.8828285","-117.2264922","overpass","5.4"
"node-13479585253","La Jolla Dental","dentist","https://lajolladental.org/","+1-858-935-8589","","32.8707056","-117.2361919","overpass","5.4"
"node-10684141564","LifeStance Health Mission Valley","med_clinic","https://lifestance.com/location/san-diego-ca-8989-rio-san-diego-dr/","+1 619 2728391","","32.7750905","-117.1368568","overpass","5.4"
"node-10894567147","MD Today Urgent Care","med_clinic","https://www.mdtoday.com","+1 858-720-0554","","32.9397525","-117.2311906","overpass","5.4"
"way-31819356","Sharp Rees-Stealy Sorrento Mesa","med_clinic","https://www.sharp.com/locations/sharp-rees-stealy-sorrento-mesa-22","+1 858 499 2600","","32.9064043","-117.1807438","overpass","5.4"
"way-933522406","Sharp Rees-Stealy Santee","med_clinic","https://www.sharp.com/locations/sharp-rees-stealy-santee","10331260218","","32.8344142","-116.9827485","overpass","5.4"
"node-9270946572","Bill Howe Plumbing, Heating & Air, Restoration & Flood Services","plumber","https://www.billhowe.com/","+1-858-630-8505","","32.8092757","-117.1321498","overpass","5.3"
"node-9270946573","Bill Howe Plumbing, Heating and Air Conditioning, Restoration and Flood","plumber","https://www.billhowe.com/","+1-858-630-8393","","32.9568002","-117.0224481","overpass","5.3"
"node-12301559857","Point Loma Electric, Plumbing, Drains, and Water Heaters","plumber","https://www.pointlomaelectric.com/","+1-619-432-6175","","32.7985986","-117.2407589","overpass","5.3"
"node-10650737460","8910 Villa La Jolla Drive - Imaging Services","med_clinic","https://health.ucsd.edu/locations/Pages/8910-villa-la-jolla-drive.aspx","+1 619-543-3405","","32.8706238","-117.23418","overpass","5.2"
"node-10650737457","8910 Villa La Jolla Drive - Lab Services","med_clinic","https://health.ucsd.edu/specialties/lab/Pages/default.aspx","+1 858-657-8690","","32.8706244","-117.2341633","overpass","5.2"
"node-10650737459","8910 Villa La Jolla Drive - Pediatrics","med_clinic","https://health.ucsd.edu/locations/Pages/8910-villa-la-jolla-drive.aspx","+1 858-203-4962","","32.8705906","-117.234233","overpass","5.2"
"way-712431463","Kaiser Permanente - El Cajon Medical Offices","med_clinic","https://healthy.kaiserpermanente.org/southern-california/facilities/El-Cajon-Medical-Offices-100133","+1 619 528 5000","","32.7935424","-116.981364","overpass","5.2"
"way-749064291","King-Chavez Health Center","med_clinic","https://www.syhealth.org/clinics/king-chavez-health-center","+1-619-662-4100","","32.6961779","-117.0855449","overpass","5.2"
"node-3311192180","Planned Parenthood","med_clinic","https://www.plannedparenthood.org/health-center/california/el-cajon/92021/el-cajon-health-center-2329-90110#hours-walk-ins","+1-888-743-7526","","32.8111674","-116.918943","overpass","5.2"
"node-10017006658","Planned Parenthood","med_clinic","https://www.plannedparenthood.org/health-center/california/san-diego/92109/mission-bay-mimi-brien-health-center-2330-90110","+1-888-743-7526","","32.8032392","-117.2162523","overpass","5.2"
"way-479846757","Scripps Clinic Rancho Bernardo","med_clinic","https://www.scripps.org/locations/scripps-clinic__scripps-clinic-rancho-bernardo","+1 858 487 1800","","32.9889734","-117.077669","overpass","5.2"
"node-10650737461","Urgent Care - La Jolla","med_clinic","https://health.ucsd.edu/specialties/walk-in-same-day/Pages/urgent-care.aspx","+1-800-926-8273","","32.8705911","-117.2342096","overpass","5.2"
"node-7320512055","Bighorn Mohs Surgery and Dermatology Center","med_clinic","https://www.scripps.org/locations/specialty-centers/scripps-shiley-pavilion/bighorn-mohs-surgery-and-dermatology-center?tab=overview","9910033790","","32.9004031","-117.2430336","overpass","5.2"
"way-993554459","Poway Gold Family Health Center","med_clinic","https://www.nhcare.org/locations-list/poway-gold-family-health-center/","1772882027","","32.9569471","-117.0492165","overpass","5.2"
"node-10848062330","The Beauty Bungalow","med_spa","","+1 619 566 8101","Brittany.duckworth89@gmail.com","32.7410489","-117.1607996","overpass","5.1"
"node-8032920082","Blueprint Homes","real_estate","https://blueprinthomes.com/","+1 619-631-4863","","32.749353","-117.150458","overpass","5"
"way-31809844","Pacific Sotheby's International Realty","real_estate","https://www.pacificsothebysrealty.com/office/621-b-2170-4000957/pacific-sothebys-international-realty","+1-619-516-8895","","32.7212224","-117.2317678","overpass","5"
"node-2337700056","Willis Allen Real Estate","real_estate","https://www.willisallen.com/","+1-858-755-6761","","32.9589443","-117.265322","overpass","5"
"node-13113484601","Finest City Home and Loans","real_estate","https://finestcityliving.com/","17728799503","","32.6435851","-117.0806175","overpass","5"
"node-3804220366","Sand & Sea Investments","real_estate","http://www.keytosd.com","15075254280","","32.7113098","-117.1653797","overpass","5"
"node-358845947","First Avenue Family Planning Michelle Wagner Center","med_clinic","https://www.plannedparenthood.org/health-center/california/san-diego/92101/first-avenue-family-planning-michelle-wagner-center-4037-90110","+1 888 743 7526","","32.7265586","-117.163667","overpass","4.9"
"way-1304223738","Stanford Court Skilled Nursing & Rehabilitation Center","med_clinic","https://lifegen.net/locations/stanford-court-skilled-nursing-rehabilitation-center/","1772483992","","32.8347348","-116.9856999","overpass","4.9"
"way-212475763","Evening Creek Rental Condominiums","real_estate","https://www.eveningcreek.info/","+1 855 839 3849","","32.9625194","-117.0902385","overpass","4.8"
"node-9368683636","Jamacha Dental","dentist","https://www.jamachadentalelcajon.com/","","","32.7860717","-116.9272304","overpass","4.6"
"way-1004818412","Pacific Production Plumbing","plumber","http://pacificproduction.com/","","","32.8165908","-116.9682834","overpass","4.6"
"node-9366452591","Rancho San Diego Dentists","dentist","https://www.ranchosandiegodentists.com/","","","32.7478314","-116.9605668","overpass","4.6"
"node-12106720389","Alchemē","med_spa","https://alchemehealth.com","+1 858-299-4990","","32.9514415","-117.2362235","overpass","4.4"
"node-5716490155","Boudoir Nail Bar","med_spa","https://www.boudoirnailbar.com/","+1-619-934-8124","","32.6373722","-117.0199041","overpass","4.4"
"node-10780254770","Crystal's Nails & Spa","med_spa","https://crystalnailslakeside.com/p/indoor-service","+1-619-390-4326","","32.8508914","-116.9323288","overpass","4.4"
"node-9530955232","European Wax Center","med_spa","https://locations.waxcenter.com/ca/chulavista/chula-vista-terra-nova-0241.html","+1-619-420-2929","","32.6405702","-117.0521535","overpass","4.4"
"node-9366051445","Eva Nails","med_spa","https://evanailselcajon.com/","+1-619-660-9299","","32.7447619","-116.93467","overpass","4.4"
"node-5251472059","Healthy Hair Nectar","med_spa","https://healthyhairnectar.com/","+1-858-336-3999","","32.956635","-117.2646835","overpass","4.4"
"node-8105023855","Infinity Electrolysis","med_spa","https://www.infinityelectrolysis.com/","+1 858-621-3440","","32.9025102","-117.1107269","overpass","4.4"
"node-8855150215","iPolish San Diego","med_spa","https://ipolishsandiego.com/","+1 619 255 1423","","32.7224831","-117.2312782","overpass","4.4"
"way-1364420842","Look Nails","med_spa","https://looknails.setmore.com","+1-619-460-9934","","32.7423153","-117.0303347","overpass","4.4"
"node-9525434920","Paradise Nails and Spa","med_spa","https://www.paradisenails.com/","+1-619-469-8899","","32.7773367","-117.0140034","overpass","4.4"
"node-12724457523","Peacock Nails","med_spa","https://peacocknailsalon.com/lemon-grove","+1-619-698-1466","","32.7432282","-117.0466577","overpass","4.4"
"node-9968736680","Perfection Nails","med_spa","https://perfectionnailselcajon.com/","+1 619 469 2062","","32.8012599","-117.0044319","overpass","4.4"
"node-6794311109","Scents","med_spa","https://outletsattheborder.com/store/scents/","+1-619-428-6000","","32.5435532","-117.0379497","overpass","4.4"
"node-9311713940","Ulta Beauty","med_spa","https://www.ulta.com/stores/san-diego-ca-1475","+1 858-376-4574","","32.9779984","-117.0838222","overpass","4.4"
"node-1499579476","European Wax Center","med_spa","https://locations.waxcenter.com/ca/sandiego/san-diego-clairemont-0175.html","5836144469","","32.8212988","-117.1818372","overpass","4.4"
"node-11054106727","European Wax Center","med_spa","https://locations.waxcenter.com/ca/santee/santee-0439.html","5836144469","","32.840789","-116.9822566","overpass","4.4"
"node-13597076419","Sev","med_spa","https://www.sevlaser.com","+1 858-263-4444","","32.847559","-117.2749028","overpass","4.1"
"node-9339501288","SEV","med_spa","https://sevlaser.com/","10000000000","","32.7067191","-117.1553238","overpass","4.1"
"node-10650737458","8910 Villa La Jolla Drive - Women's Health Services","med_clinic","https://health.ucsd.edu/locations/Pages/8910-villa-la-jolla-drive.aspx","","","32.8705754","-117.2342505","overpass","3.9"
"node-3804220659","iTan sun · spray · spa","med_spa","https://www.itan.com/locations/downtown","","","32.7123845","-117.1643149","overpass","3.4"
"node-5870511591","Alfred Medina Dentistry","dentist","","+1-619-420-6030","","32.6409316","-117.079587","overpass","3.3"
"node-12238990164","Bill Britton Jr., D.D.S.","dentist","","+1 858-556-4200","","32.9179633","-117.1253794","overpass","3.3"
"node-6074685771","Dental Arts of Spring Valley","dentist","","+1-619-479-9143","","32.6981014","-117.0195512","overpass","3.3"
"node-10835627097","Diamond Ace Plumber","plumber","","+1 858 480 6183","","32.8372501","-117.1961172","overpass","3.3"
"way-961427374","Family Dentestry","dentist","","+1-619-588-2624","","32.8148809","-116.9178674","overpass","3.3"
"node-13175883011","Family Dentistry Maria Dulce Vargas-Loo D.M.D.","dentist","","+1 858-467-1223","","32.8332408","-117.1516563","overpass","3.3"
"way-544658182","J.A. Hennes","dentist","","+1-858-486-8400","","32.9503295","-117.0622683","overpass","3.3"
"way-1012852586","Kind Dental of La Mesa","dentist","","+1-619-460-2280","","32.7730125","-117.0101889","overpass","3.3"
"node-3245518713","La Jolla Shores Dental","dentist","","+1 858-459-9772","","32.8539724","-117.2549026","overpass","3.3"
"node-10616570754","Mira Mesa Dental Care","dentist","","+1 858-457-7747","","32.9061845","-117.1714451","overpass","3.3"
"node-13565731950","Natalya Carmichael DDS Family Dentistry","dentist","","+1-858-484-2560","","32.9622891","-117.1171675","overpass","3.3"
"node-13172444196","Origin Dental","dentist","","+1 858-264-2555","","32.8906066","-117.2016481","overpass","3.3"
"node-8855566609","Rancho Dental Arts","dentist","","+1-619-499-8000","","32.7436432","-116.9280878","overpass","3.3"
"node-9365797494","San Diego Children's Dentistry","dentist","","+1-619-376-1202","","32.7437955","-116.9333649","overpass","3.3"
"node-5460552821","Clínica Santa Martha","med_clinic","","6850456","","32.5329435","-117.047491","overpass","3.1"
"node-12279274916","Passport Health Chula Vista Travel Clinic","med_clinic","","+1 619-586-6555","","32.6537092","-116.9670912","overpass","3.1"
"node-9530907109","Rady Children's Health Services","med_clinic","","+1-858-966-8133","","32.638756","-117.0487348","overpass","3.1"
"way-961180845","Angela Andrews Real Estate Services","real_estate","","+1-619-813-3331","","32.8610661","-116.9214246","overpass","2.7"
"node-11415747546","Coldwell Banker","real_estate","","+1858)550075","","32.9831812","-117.2295365","overpass","2.7"
"node-9366051454","Compass Real Estate Services","real_estate","","+1-619-401-2150","","32.7448494","-116.9281986","overpass","2.7"
"node-6896291519","Family Housing","real_estate","","+1-619-556-8443","","32.6920853","-117.1299352","overpass","2.7"
"node-13527482701","Privada del Murua","real_estate","","6645005603","","32.5192064","-116.9457854","overpass","2.7"
"node-9716284480","Team Metro Real Estate","real_estate","","+1-858-822-8845","","32.725974","-117.1600906","overpass","2.7"
"way-1005482839","40/30 Dental","dentist","","","","32.7951926","-116.9424398","overpass","2.3"
"node-3247117544","Aava Dental","dentist","","","","32.8203949","-117.1554019","overpass","2.3"
"node-13565731948","Adam J Brand DDS MS Orthodontist","dentist","","","","32.9621112","-117.1170732","overpass","2.3"
"way-1099741577","Advance Plumbing CO.","plumber","","","","32.8494909","-116.8692738","overpass","2.3"
"node-12248485337","Aesthetic Dentistry","dentist","","","","32.9278538","-117.2376565","overpass","2.3"
"node-9345114143","Alameda Dental","dentist","","","","32.5304686","-116.9507972","overpass","2.3"
"node-3718001763","Albert Leung","dentist","","","","32.8200368","-117.1717135","overpass","2.3"
"node-9904839382","AV DENTAL","dentist","","","","32.5062654","-116.9904945","overpass","2.3"
"node-12190831001","Bay Ho Family Dentist","dentist","","","","32.8137467","-117.216986","overpass","2.3"
"node-13391417797","Beautiful Smile Dentistry","dentist","","","","32.7649181","-117.0614447","overpass","2.3"
"node-13018183769","Bespoke Dentistry","dentist","","","","32.9506362","-117.2330641","overpass","2.3"
"node-12466303969","Bird Rock Dental","dentist","","","","32.8163566","-117.2709096","overpass","2.3"
"node-595977351","Bliss Dental Arts","dentist","","","","32.915796","-117.114128","overpass","2.3"
"way-1486432908","Cable Pipe & Leak Detection","plumber","","","","32.8152178","-116.9354629","overpass","2.3"
"node-10003055319","Cardinal Dental","dentist","","","","32.7865437","-117.0039924","overpass","2.3"
"node-13007871401","Carmel Heights Dental","dentist","","","","32.9541673","-117.2300419","overpass","2.3"
"node-12191939944","Carmel Plaza Dental Center","dentist","","","","32.9811421","-117.079206","overpass","2.3"
"node-13007862231","Carmel Valley Dental","dentist","","","","32.9540392","-117.2300712","overpass","2.3"
"way-922486206","Centro Medico Excel","dentist","","","","32.5206274","-117.0118809","overpass","2.3"
"node-1727168868","Chien's Family Dentistry","dentist","","","","32.8329308","-117.1601006","overpass","2.3"
"node-2588719675","Clairemont Smiles","dentist","","","","32.8192152","-117.1787431","overpass","2.3"
"node-13135237736","Clinica dental familiar","dentist","","","","32.5341425","-117.0379887","overpass","2.3"
"node-7372810569","Clínica Dental Tijuana","dentist","","","","32.5318239","-117.039215","overpass","2.3"
"node-6828920461","Coastal Kids Dentistry & Orthodontics","dentist","","","","32.5821714","-117.0344693","overpass","2.3"
"node-11625258296","Consultorio Dental Similares","dentist","","","","32.5113424","-116.9863134","overpass","2.3"
"node-9366051453","Cottonwood Dental Group","dentist","","","","32.7449582","-116.928068","overpass","2.3"
"node-13007786565","Del Mar Dental Arts Sinan Alhamdi, DMD","dentist","","","","32.9543336","-117.2300463","overpass","2.3"
"node-596779140","Del Sur Dentistry","dentist","","","","32.9906344","-117.1595458","overpass","2.3"
"node-6704984951","Dental Arts of Palm Avenue","dentist","","","","32.5846735","-117.0603452","overpass","2.3"
"node-596232274","Dental Arts San Diego","dentist","","","","32.80371","-116.971362","overpass","2.3"
"way-31842953","Dental Expressions","dentist","","","","32.8028846","-117.0133082","overpass","2.3"
"node-11793906903","Dental Group","dentist","","","","32.5311942","-117.0352962","overpass","2.3"
"node-9335630124","Dentist","dentist","","","","32.9512635","-117.0644426","overpass","2.3"
"node-9944290014","Dentistry","dentist","","","","32.9452067","-117.0849009","overpass","2.3"
"way-31839950","Dixon Pediatric Dental Group","dentist","","","","32.8912374","-117.1966506","overpass","2.3"
"node-10895084936","Dr. Cheryl Kang Guerrero, DDS","dentist","","","","32.9386371","-117.2303728","overpass","2.3"
"node-11464765505","Dr. Guerrero","dentist","","","","32.5091303","-116.9881077","overpass","2.3"
"node-9904839383","Dr. Luna","dentist","","","","32.5086479","-116.9909403","overpass","2.3"
"node-12164434791","East County Family Dental Center","dentist","","","","32.823828","-116.9033506","overpass","2.3"
"way-1178512197","East County Family Dentistry","dentist","","","","32.8539782","-116.9314618","overpass","2.3"
"node-13194652567","Excel Dental","dentist","","","","32.916601","-117.1255976","overpass","2.3"
"node-1884458536","Extreme Smile Makeover Dentist","dentist","","","","32.8190206","-117.1773744","overpass","2.3"
"node-6636262598","Family Dental Groups","dentist","","","","32.8217181","-117.100222","overpass","2.3"
"node-11658933961","Family Dental TJ","dentist","","","","32.5112596","-116.9934101","overpass","2.3"
"node-13608719574","Family Dentistry","dentist","","","","32.927099","-117.1433707","overpass","2.3"
"node-6389982126","Family Dentistry by Dr. Maroon","dentist","","","","32.6489896","-116.9663308","overpass","2.3"
"node-10270088951","Goldberg Dental Group","dentist","","","","32.8676723","-117.2057719","overpass","2.3"
"node-1727124149","Governer Dental","dentist","","","","32.8535597","-117.202814","overpass","2.3"
"way-1015115066","Grossmont Family Dental Center","dentist","","","","32.77613","-117.0168125","overpass","2.3"
"node-8424238980","Happy Smiles","dentist","","","","32.6315836","-116.9846881","overpass","2.3"
"node-6757822381","I-Orthodontics","dentist","","","","32.9904408","-117.1595738","overpass","2.3"
"node-6630276293","iSmile Dental","dentist","","","","32.5846774","-117.0396173","overpass","2.3"
"way-31817454","Jeffrey W. Brown Family Dentist","dentist","","","","32.5834588","-117.0955487","overpass","2.3"
"node-13565731947","Joseph B Gordon DDS Orthodontics","dentist","","","","32.962098","-117.1170662","overpass","2.3"
"node-11450658554","Kensington Pediatric Dentistry","dentist","","","","32.7634134","-117.107844","overpass","2.3"
"node-3279662853","La Jolla Dentistry","dentist","","","","32.8771926","-117.2106306","overpass","2.3"
"node-11388553677","Life Smiles Dental Care","dentist","","","","32.8725584","-117.2174754","overpass","2.3"
"node-12145134923","Little Star Pediatric Dentistry","dentist","","","","32.9290375","-117.1974078","overpass","2.3"
"node-596371300","Mann Plumbing","plumber","","","","32.830852","-116.967687","overpass","2.3"
"node-10836166857","Mesa Dental","dentist","","","","32.8003945","-117.1578492","overpass","2.3"
"node-13194652570","Mesa Dental Group","dentist","","","","32.9165588","-117.1259069","overpass","2.3"
"node-13194652568","Mira Mesa Family Dentistry","dentist","","","","32.9165319","-117.1262863","overpass","2.3"
"node-12076331483","Mission Bay Dental","dentist","","","","32.7988899","-117.2457644","overpass","2.3"
"node-9345080453","Oak Tree Dental","dentist","","","","32.9515313","-117.0622973","overpass","2.3"
"node-2337700634","Patricia Murphy DDS","dentist","","","","32.9588579","-117.264851","overpass","2.3"
"node-13018189997","Pediatric Dentistry & Orthodontics","dentist","","","","32.9537145","-117.230042","overpass","2.3"
"node-10835670556","Perfect Smile","dentist","","","","32.8277605","-117.158567","overpass","2.3"
"way-144856512","Poway Family Dental Group","dentist","","","","32.9566776","-117.0364402","overpass","2.3"
"node-13332557998","Rea Corley DDS","dentist","","","","32.8401612","-117.270974","overpass","2.3"
"node-2631767950","Rio Vista Family Dentistry","dentist","","","","32.7760168","-117.144613","overpass","2.3"
"node-769483183","Robert J. Bey DDS","dentist","","","","32.8263598","-117.190957","overpass","2.3"
"node-9484306806","Rodger's Plumbing","plumber","","","","32.8108756","-116.9633434","overpass","2.3"
"node-10629392485","Royal Dental","dentist","","","","32.5346503","-117.0172231","overpass","2.3"
"way-31817102","San Diego Trolley Dental Group","dentist","","","","32.7104939","-117.0564643","overpass","2.3"
"node-7844363073","Sarah Belderes, DDS","dentist","","","","32.9909057","-117.2591509","overpass","2.3"
"node-13007814255","Schaffer Dental Excellence","dentist","","","","32.9538873","-117.2300677","overpass","2.3"
"node-9316839888","Seaside Pediatric Dentistry & Orthodontics","dentist","","","","32.9358026","-117.1004549","overpass","2.3"
"node-7844363082","Sheryl Nelson D.D.S. Family Dentistry","dentist","","","","32.9909339","-117.2591518","overpass","2.3"
"node-7329469673","Smile 4 less","dentist","","","","32.5340417","-117.036528","overpass","2.3"
"way-993796375","SmilePlus","dentist","","","","32.7951909","-116.9389728","overpass","2.3"
"node-12017450070","Special Smiles Dentist","dentist","","","","32.5846037","-117.1205433","overpass","2.3"
"node-2769610421","Spectrum Dental","dentist","","","","32.8308891","-117.1384882","overpass","2.3"
"node-11111055195","Stormberg Orthodontics","dentist","","","","32.7580971","-117.014679","overpass","2.3"
"node-9386915648","T&C Dental","dentist","","","","32.9573394","-117.0385883","overpass","2.3"
"way-31809551","The Dental Express Point Loma","dentist","","","","32.753991","-117.2237639","overpass","2.3"
"way-492857418","The Super Dentists","dentist","","","","32.6466611","-116.9681078","overpass","2.3"
"node-596023946","Thompson Center for Dentistry","dentist","","","","32.625858","-117.030466","overpass","2.3"
"node-6558363117","Timothy Christian DDS","dentist","","","","32.8404063","-117.0978947","overpass","2.3"
"node-10835696625","U Dream Dental","dentist","","","","32.8330419","-117.1529261","overpass","2.3"
"way-959567843","Western Dental","dentist","","","","32.8017098","-116.935456","overpass","2.3"
"node-5876931886","Western Dental & Orthodonics","dentist","","","","32.7486082","-117.1303175","overpass","2.3"
"way-358674917","Woodside Dental","dentist","","","","32.8565023","-116.9305751","overpass","2.3"
"way-995061682","#1 Nails","med_spa","","+1-619-442-8343","","32.8007371","-116.936897","overpass","2.1"
"node-10220313363","AFC Urgent Care","med_clinic","","","","32.7291334","-117.2256506","overpass","2.1"
"node-10894567156","Allurant Medical Spa","med_clinic","","","","32.9389776","-117.2318214","overpass","2.1"
"way-959687889","Amazing Nails","med_spa","","+1-619-466-6438","","32.7481989","-116.9826532","overpass","2.1"
"node-6833281428","Arcade Salon","med_spa","","+1 619 223 7474","","32.747629","-117.2495594","overpass","2.1"
"node-12128676283","Asie Salon & Spa","med_spa","","+1 858-397-3605","","32.8140367","-117.1540445","overpass","2.1"
"node-13175837173","Bella Nails","med_spa","","+1 858-279-5557","","32.8331913","-117.1516561","overpass","2.1"
"node-13168507470","Bliss Nails & Spa 2","med_spa","","+1 619-303-0201","","32.769739","-117.0266839","overpass","2.1"
"node-10836166884","Carrillo Medical Center","med_clinic","","","","32.7913942","-117.1582474","overpass","2.1"
"node-9839482738","Centro de Salud Communitaria","med_clinic","","","","32.5246707","-117.0998812","overpass","2.1"
"node-4665641489","Centro Médico del Noroeste","med_clinic","","","","32.5185895","-117.0109474","overpass","2.1"
"way-984181483","Centro Médico El Cajón","med_clinic","","","","32.7947104","-116.9627364","overpass","2.1"
"node-4910653077","Centro Radiologico del Rio","med_clinic","","","","32.5252487","-117.0159195","overpass","2.1"
"way-53258098","Claremont Medical Center","med_clinic","","","","32.8208417","-117.1831047","overpass","2.1"
"node-9181471385","Clarity Nails & Spa","med_spa","","+1-858-748-2266","","32.955723","-117.0427107","overpass","2.1"
"way-314768884","Clínica de ojos de Tijuana","med_clinic","","","","32.5289826","-117.0247497","overpass","2.1"
"way-398640959","COAST Medical Center","med_clinic","","","","32.8055741","-117.15024","overpass","2.1"
"node-10857201138","Coast Pediatrics","med_clinic","","","","32.9612424","-117.1900463","overpass","2.1"
"node-12121207726","Consulta Medica","med_clinic","","","","32.5121734","-116.9874302","overpass","2.1"
"way-1067733211","Cosmed Clinic","med_clinic","","","","32.5074295","-116.9899007","overpass","2.1"
"node-9178842744","Creative Nails","med_spa","","+1-619-660-1122","","32.747712","-116.9809717","overpass","2.1"
"node-3804270458","Downtown Nail & Spa","med_spa","","+1-619-531-0999","","32.7123901","-117.1624287","overpass","2.1"
"node-9257867554","Evoclinic","med_clinic","","","","32.5126626","-117.0066414","overpass","2.1"
"way-31809359","Family Health Centers of San Diego","med_clinic","","","","32.7586726","-117.0756774","overpass","2.1"
"way-31807185","Family Health Centers of San Diego City Heights","med_clinic","","","","32.7583634","-117.0778591","overpass","2.1"
"node-9574284450","Family Health Centers of San Diego, City Heights","med_clinic","","","","32.7582133","-117.0778387","overpass","2.1"
"node-12653491377","Fantastic Threading","med_spa","","+1-858-240-7400","","32.9588828","-117.1246989","overpass","2.1"
"node-8851530504","Fashion Nails & Spa","med_spa","","+1-619-670-5308","","32.7406458","-116.9414678","overpass","2.1"
"way-275739903","First Aid","med_clinic","","","","32.76417","-117.2271843","overpass","2.1"
"node-11544894457","First Aid Station","med_clinic","","","","32.5875204","-117.0106731","overpass","2.1"
"node-3648230213","Fresenius Medical Care","med_clinic","","","","32.9214816","-117.213543","overpass","2.1"
"node-6327910655","Gila Rut","med_spa","","+1-619-421-3911","","32.6228923","-116.9641657","overpass","2.1"
"node-13300712807","Helen's Nails","med_spa","","+1-619-466-4693","","32.7429797","-117.0288998","overpass","2.1"
"node-12199332702","Hydration Room","med_clinic","","","","32.9206179","-117.2135388","overpass","2.1"
"node-5721707821","IMSS Clinica 19","med_clinic","","","","32.5311057","-117.0449292","overpass","2.1"
"way-1364643566","J&V Nails Design","med_spa","","+1-619-461-2178","","32.7424221","-117.0313687","overpass","2.1"
"node-13164099021","JJ Beauty Salon","med_spa","","+1 760-877-1811;+1 858-205-8194","","32.8333752","-117.1493292","overpass","2.1"
"way-993344433","Kaiser Permanente","med_clinic","","","","32.8083799","-116.921886","overpass","2.1"
"way-993344434","Kaiser Permanente Bostonia Medical Offices","med_clinic","","","","32.8087706","-116.9232692","overpass","2.1"
"node-1727187278","Ks Spa","med_spa","","+1 858-223-1212","","32.8304621","-117.1528829","overpass","2.1"
"node-9364443866","La Mesa Medical Group","med_clinic","","","","32.7764356","-117.0176858","overpass","2.1"
"node-6744651812","La Rosa Verde Nail Spa","med_spa","","+1-619-216-2566","","32.6447162","-116.9966978","overpass","2.1"
"node-12260369064","Lulu Nails","med_spa","","+1 858-924-8222","","32.950746","-117.2330183","overpass","2.1"
"node-5040306750","Marbella","med_spa","","524-6748","","32.5212799","-117.0322564","overpass","2.1"
"node-13444421849","Marque Ugent Care","med_clinic","","","","32.7910473","-117.0212474","overpass","2.1"
"node-6387979700","Mireya's Unisex Salon","med_spa","","+1-619-234-3534","","32.7173237","-117.1400964","overpass","2.1"
"node-6933772158","Mohammed K. Elsayed Family Medicine","med_clinic","","","","32.6101456","-117.0693094","overpass","2.1"
"node-12162006394","Moraga Salon","med_spa","","+1-858-270-8266","","32.823428","-117.2140901","overpass","2.1"
"way-957370128","Nail Chic","med_spa","","+1-619-401-6555","","32.7807615","-116.956426","overpass","2.1"
"node-9978796241","Nail Studio San Carlos","med_spa","","+1 619 464 3888","","32.8031107","-117.0063927","overpass","2.1"
"node-12976287161","Nail Zone","med_spa","","+1-619-461-8989","","32.7082157","-116.9982976","overpass","2.1"
"way-993521747","Nail-it!","med_spa","","+1-619-461-5710","","32.7484805","-116.9860717","overpass","2.1"
"node-13314572079","Natural Skin By Tay","med_clinic","","","","32.7682861","-117.0371131","overpass","2.1"
"node-9861366427","Nihon Cllinic","med_clinic","","","","32.8086081","-117.2012545","overpass","2.1"
"node-10266194834","One Medical","med_clinic","","","","32.8719371","-117.209704","overpass","2.1"
"node-7978834406","Operation Samahan Community Health Center","med_clinic","","","","32.6726889","-117.0737189","overpass","2.1"
"node-12639664144","Passport Health La Mesa Travel Clinic","med_clinic","","","","32.7800087","-117.0332274","overpass","2.1"
"node-13131929368","Passport Health San Diego Travel Clinic","med_clinic","","","","32.7678275","-117.137672","overpass","2.1"
"node-9945487064","Passport Health Sorrento Valley Travel Clinic","med_clinic","","","","32.8940596","-117.2008885","overpass","2.1"
"node-12356856213","Perfect Beauty Bar","med_spa","","+1 858-357-1446","","32.9146516","-117.1465846","overpass","2.1"
"way-31841369","Perlman Ambulatory Care Center","med_clinic","","","","32.8781689","-117.2247151","overpass","2.1"
"node-13018127541","Perlman Clinic","med_clinic","","","","32.9500406","-117.2332544","overpass","2.1"
"node-9203987321","Pro Nail","med_spa","","+1-619-660-0138","","32.7264078","-116.9691714","overpass","2.1"
"node-12653491367","Proactive Medical Weight Management","med_clinic","","","","32.9568558","-117.1264716","overpass","2.1"
"node-9971240963","Q's Spa & Nail Bar","med_spa","","+1 619 258 2680","","32.8418622","-116.9864873","overpass","2.1"
"way-475550413","Radio Imagen Médica","med_clinic","","","","32.5251105","-117.0365409","overpass","2.1"
"way-31803901","Rady Children's Hospital","med_clinic","","","","32.8084548","-117.1499362","overpass","2.1"
"way-1304223743","San Diego Regional Center - East County","med_clinic","","","","32.8348623","-116.9845148","overpass","2.1"
"way-130006410","San Ysidro Health","med_clinic","","","","32.6212855","-117.0729539","overpass","2.1"
"way-212751577","Scripps North County Medical & Dental Center","med_clinic","","","","32.9189077","-117.1144295","overpass","2.1"
"node-9716284498","Sculpturades","med_spa","","+1-619-940-5408","","32.7246389","-117.1600888","overpass","2.1"
"way-31818431","Sharp Rees Stealy Carmel Valley","med_clinic","","","","32.9531301","-117.2293263","overpass","2.1"
"way-959859563","Sharp Rees Stealy Medical Group","med_clinic","","","","32.7968099","-117.156351","overpass","2.1"
"node-12288874382","Sharp Rees-Stealy Medical Group","med_clinic","","","","32.9816027","-117.2514627","overpass","2.1"
"way-477299554","Sharp Rees-Stealy Otay Ranch","med_clinic","","","","32.6233233","-116.9959994","overpass","2.1"
"node-12206151369","Sharp Rees-Stealy Urgent Care","med_clinic","","","","32.9062594","-117.1806382","overpass","2.1"
"way-516795628","Southeast County Mental Health/WIC","med_clinic","","","","32.7009017","-117.1259291","overpass","2.1"
"node-9236941421","Sparkle Pro Nail spa","med_spa","","+1-619-447-3034","","32.7889607","-116.9301883","overpass","2.1"
"node-9178947163","Stylish Nail & Spa","med_spa","","+1-619-825-7174","","32.7471663","-116.984804","overpass","2.1"
"way-957710385","Stylish Nails","med_spa","","+1-619-440-6755","","32.8072941","-116.9488617","overpass","2.1"
"way-1468619159","Sycuan Health Center","med_clinic","","","","32.7889184","-116.8443976","overpass","2.1"
"way-1364403421","T-Nail Design","med_spa","","+1-619-589-7807","","32.7430906","-117.0290371","overpass","2.1"
"node-13196527501","TG Wellbeing","med_clinic","","","","32.639993","-117.0797014","overpass","2.1"
"node-2139234154","The Lab a salon","med_spa","","+1 619 543 9952","","32.7486065","-117.1292534","overpass","2.1"
"node-12356827708","Tori Nail Bar & Spa","med_spa","","+1 858-860-5915","","32.9146582","-117.1463144","overpass","2.1"
"node-12101685460","UC San Diego Health","med_clinic","","","","32.9627081","-117.1893193","overpass","2.1"
"node-9409174372","Ultimate Nails","med_spa","","+1-858-292-0970","","32.8323555","-117.1212054","overpass","2.1"
"way-31804283","Urgent Care & More San Diego","med_clinic","","","","32.751014","-117.212383","overpass","2.1"
"node-9179004533","Valley Nails","med_spa","","+1-619-243-6002","","32.7484154","-116.9878043","overpass","2.1"
"way-1364407853","Van's Nails","med_spa","","+1-619-466-4643","","32.7430082","-117.0301749","overpass","2.1"
"node-9910710945","Ximed Urgent Care","med_clinic","","","","32.9367027","-117.0990949","overpass","2.1"
"way-557527974","3C","dentist","","","","32.5318257","-116.9674645","overpass","2"
"node-10168031130","Carmel Mountain Dental Office Stephanie Nguyen DMD","dentist","","","","32.977591","-117.0896526","overpass","2"
"node-10822803496","Dr. Rastgear Dental Group, Inc.; Smile Makeover Center","dentist","","","","32.7730811","-117.1591862","overpass","2"
"node-13089397117","Signature Dental Studio of North Park | Paul J. Martin, DMD","dentist","","","","32.7462893","-117.1458209","overpass","2"
"node-5272832294","Centro Universitario Médico Asistencial y de Investigación (C.U.M.A.I.)","med_clinic","","","","32.5305335","-116.9687757","overpass","1.8"
"way-1008759207","Kaiser Permanente Clairemont Mesa Medical Offices","med_clinic","","","","32.8335992","-117.1657975","overpass","1.8"
"way-962140062","Kaiser Permanente Rancho San Diego Medical Offices","med_clinic","","","","32.7499081","-116.9613323","overpass","1.8"
"way-31819770","Rady Children's Hospital-San Diego Torrey Hills Developmental Services","med_clinic","","","","32.9306189","-117.2375327","overpass","1.8"
"node-9301890187","Aligned Mortgage","real_estate","","","","32.6239417","-116.9674608","overpass","1.7"
"node-9644421391","Ascent Real Estate","real_estate","","","","32.8520752","-117.2169678","overpass","1.7"
"way-498480885","Berkshire Hathaway HomeServices","real_estate","","","","32.7106966","-117.1604043","overpass","1.7"
"node-3951038174","Bobby Martin Realty","real_estate","","","","32.9390715","-117.2317577","overpass","1.7"
"node-13616081505","Camden McKay Real Estate","real_estate","","","","32.9609644","-117.114092","overpass","1.7"
"node-10895084934","Coldwell Banker","real_estate","","","","32.938179","-117.2306216","overpass","1.7"
"node-13389958558","Compass","real_estate","","","","32.7220326","-117.2324818","overpass","1.7"
"node-9716284484","Dustin Cole Real Estate","real_estate","","","","32.7260363","-117.1599881","overpass","1.7"
"node-9366051455","Eaton Escrow","real_estate","","","","32.7447262","-116.9280896","overpass","1.7"
"node-8881263276","Gama Inmobiliaria","real_estate","","","","32.5032468","-116.9899728","overpass","1.7"
"node-1446005508","Gary Kent Real Estate","real_estate","","","","32.8682033","-117.2320275","overpass","1.7"
"node-11481915763","Ikaria","real_estate","","","","32.5091431","-116.9883273","overpass","1.7"
"node-13276732442","Keller Williams Realty","real_estate","","","","32.9508802","-117.2402629","overpass","1.7"
"node-11668271317","Link Towers Showroom","real_estate","","","","32.5099225","-116.992345","overpass","1.7"
"node-2337708143","Madison Marquette","real_estate","","","","32.9601424","-117.2644098","overpass","1.7"
"node-6312015613","Military Mutual","real_estate","","","","32.623481","-116.9677126","overpass","1.7"
"node-9647366074","New City Developers","real_estate","","","","32.5364501","-117.0232679","overpass","1.7"
"node-8908378908","Pemberly Realty Group","real_estate","","","","32.7617467","-117.1460647","overpass","1.7"
"node-9366452612","Real Net","real_estate","","","","32.7461501","-116.959155","overpass","1.7"
"way-393077283","Rental Office","real_estate","","","","32.9074588","-117.1668018","overpass","1.7"
"node-1637060118","Riviera Property Management","real_estate","","","","32.795535","-117.2527976","overpass","1.7"
"node-1834885271","Sotheby's Real Estate","real_estate","","","","32.7500098","-117.1706793","overpass","1.7"
"node-6582970425","Sunset Pacific Realty","real_estate","","","","32.7460266","-117.2472877","overpass","1.7"
"node-1699051776","The Irving Group","real_estate","","","","32.8732706","-117.2134683","overpass","1.7"
"node-6355766037","Aaliyah's Beauty and Brows","med_spa","","","","32.6287018","-116.9650976","overpass","1.1"
"node-12260361491","Addendum Salon","med_spa","","","","32.9508123","-117.2330436","overpass","1.1"
"node-2117324871","All About Me Medical Day Spa","med_spa","","","","32.9512498","-117.1072457","overpass","1.1"
"node-10894567149","Amazing Lash Studio","med_spa","","","","32.9396975","-117.2314549","overpass","1.1"
"node-1741942411","Ameri Nails","med_spa","","","","32.7680013","-117.1498343","overpass","1.1"
"node-2376666345","Angel Nails","med_spa","","","","32.8315914","-117.1654703","overpass","1.1"
"node-12077400080","Angel Nails & Spa","med_spa","","","","32.800143","-117.2411058","overpass","1.1"
"node-3732382584","Apollo Nails & Spa","med_spa","","","","32.830251","-117.1043708","overpass","1.1"
"node-12105365808","Aqua Day Spa","med_spa","","","","32.8249744","-117.1543527","overpass","1.1"
"node-12188888302","Avati Salon","med_spa","","","","32.8136768","-117.2168829","overpass","1.1"
"node-9366452607","Avocado Nails","med_spa","","","","32.7472869","-116.9588413","overpass","1.1"
"node-12324826487","Bayside Nail And Spa","med_spa","","","","32.7170334","-117.1713941","overpass","1.1"
"node-6074685767","Belle Nouvelle Lashes & Spa","med_spa","","","","32.6978146","-117.0201209","overpass","1.1"
"node-9316839889","Best Nails & Spa","med_spa","","","","32.9358017","-117.1005246","overpass","1.1"
"node-12653491374","Blissful Beauty","med_spa","","","","32.9579238","-117.1260888","overpass","1.1"
"way-1012852577","Blo blow dry bar","med_spa","","","","32.7746133","-117.0086876","overpass","1.1"
"node-12190831101","Bloom Beauty and Lash Bar","med_spa","","","","32.8137011","-117.216945","overpass","1.1"
"node-4679659222","Bonita Nails","med_spa","","","","32.6598302","-117.0329842","overpass","1.1"
"node-10000839735","Boutique Nails & Spa","med_spa","","","","32.8027771","-117.0130644","overpass","1.1"
"node-12076668553","Brazilia Skin Care and Spa","med_spa","","","","32.95326","-117.2326203","overpass","1.1"
"node-6312015614","Brow Arc","med_spa","","","","32.6234841","-116.9676116","overpass","1.1"
"node-12080394938","Browz On Point","med_spa","","","","32.7980991","-117.2491808","overpass","1.1"
"node-12145121093","Carmel Valley Nail Lounge","med_spa","","","","32.9288536","-117.1974349","overpass","1.1"
"way-1051738749","Charisma Hair Design","med_spa","","","","32.953855","-117.2304256","overpass","1.1"
"node-9313377558","Chroma Nails Lounge & Spa","med_spa","","","","32.9797812","-117.082717","overpass","1.1"
"node-13574892063","City Nails","med_spa","","","","32.85476","-116.9737927","overpass","1.1"
"node-12105363488","City Salon","med_spa","","","","32.8253734","-117.1544599","overpass","1.1"
"node-6794308735","Cosmetica","med_spa","","","","32.5432137","-117.038457","overpass","1.1"
"node-5733214992","Details Salon Aveda","med_spa","","","","32.7457661","-117.2518863","overpass","1.1"
"node-12424802953","Diva Nails","med_spa","","","","32.6140693","-117.069863","overpass","1.1"
"node-9366157839","Elegant Brows","med_spa","","","","32.7475993","-116.9867651","overpass","1.1"
"node-9409191239","Elite Nail Salon","med_spa","","","","32.8307645","-117.1276865","overpass","1.1"
"node-6540033087","Elixir","med_spa","","","","32.6299722","-117.0865802","overpass","1.1"
"node-9203979103","Ember's Nails","med_spa","","","","32.7697866","-116.9284262","overpass","1.1"
"node-1808327199","Empire Beauty","med_spa","","","","32.7998524","-117.2398363","overpass","1.1"
"node-1446003316","Empire Beauty Supply & Salon","med_spa","","","","32.8694309","-117.2309406","overpass","1.1"
"node-12083776897","Essential Nails","med_spa","","","","32.7976173","-117.252071","overpass","1.1"
"node-12146940556","European Wax Center","med_spa","","","","32.9532414","-117.2312037","overpass","1.1"
"node-5870510977","Eyelashes and Skin Care by Ericka Page","med_spa","","","","32.6396555","-117.0790974","overpass","1.1"
"node-10265972582","Fancy Nails & Spa","med_spa","","","","32.9551033","-117.038236","overpass","1.1"
"node-1499579477","Finesse Nails","med_spa","","","","32.8212874","-117.1817994","overpass","1.1"
"node-9365797503","Focus Nails","med_spa","","","","32.7459272","-116.9300111","overpass","1.1"
"node-12146940535","Glamour Nails","med_spa","","","","32.9532892","-117.2310741","overpass","1.1"
"node-10836201756","Hair & Nails","med_spa","","","","32.8069102","-117.1162082","overpass","1.1"
"way-959567846","Happiness Nails","med_spa","","","","32.7983149","-116.9363139","overpass","1.1"
"node-1459148843","Happy Nails and Spa","med_spa","","","","32.8305854","-117.2046367","overpass","1.1"
"node-4796262327","Heavenly Nails & Spa","med_spa","","","","32.7646109","-117.197264","overpass","1.1"
"node-9335630120","Helen's Nails n Spa","med_spa","","","","32.9512202","-117.0644351","overpass","1.1"
"node-10583625359","Hillcrest Nail Lounge","med_spa","","","","32.7487348","-117.1527469","overpass","1.1"
"node-13588567151","House of Beauty","med_spa","","","","32.6297234","-117.0860972","overpass","1.1"
"node-6630276285","I Love Nails","med_spa","","","","32.584711","-117.0391783","overpass","1.1"
"node-7231865109","iNails & Spa","med_spa","","","","32.6507016","-117.0886422","overpass","1.1"
"node-6355766028","iTan","med_spa","","","","32.6284836","-116.9657055","overpass","1.1"
"node-10835627099","Itan Spray Tan","med_spa","","","","32.820904","-117.1805075","overpass","1.1"
"node-12463854284","K&K Nails And Spa","med_spa","","","","32.7491707","-117.1517177","overpass","1.1"
"node-12588529606","Kay Nails","med_spa","","","","32.741166","-117.2298863","overpass","1.1"
"node-13164109684","KC Nails","med_spa","","","","32.8333754","-117.1491729","overpass","1.1"
"node-12425573318","Kolorflow Beauty Salon","med_spa","","","","32.6140381","-117.0699798","overpass","1.1"
"node-9944290013","LaBelle Nail Boutique","med_spa","","","","32.9451564","-117.084674","overpass","1.1"
"node-434955936","Laser Away","med_spa","","","","32.8677573","-117.2062394","overpass","1.1"
"node-13018161538","LaserAway","med_spa","","","","32.9505277","-117.233153","overpass","1.1"
"node-5698193090","Lavish Nails and Spa","med_spa","","","","32.9203679","-117.2161787","overpass","1.1"
"node-13175871411","Leisure Spa","med_spa","","","","32.8330397","-117.1516707","overpass","1.1"
"node-356345999","Lena's Barbara and Beauty","med_spa","","","","32.7454956","-117.1997349","overpass","1.1"
"node-6568829962","Linda’s Salon","med_spa","","","","32.7498127","-117.2089289","overpass","1.1"
"node-6405180133","Lionesse Beauty Bar","med_spa","","","","32.6307407","-117.0846193","overpass","1.1"
"node-6540120893","Lisa Nails and Spa","med_spa","","","","32.6295797","-117.0858042","overpass","1.1"
"node-596671601","Lisa's Nails & Spa","med_spa","","","","32.61489","-117.082793","overpass","1.1"
"node-6327910640","Lissé Express","med_spa","","","","32.623797","-116.9656425","overpass","1.1"
"node-5307201909","Luxurious Nails & Spa","med_spa","","","","32.584599","-117.1174648","overpass","1.1"
"node-6568829947","LV Nails","med_spa","","","","32.7504915","-117.2058177","overpass","1.1"
"way-1107890568","Mac Cosmetics","med_spa","","","","32.7322282","-117.2041951","overpass","1.1"
"node-11974200293","Madison Reed","med_spa","","","","32.8721842","-117.2088903","overpass","1.1"
"node-6636235534","Magic Mel Hair Creations","med_spa","","","","32.8223755","-117.1022683","overpass","1.1"
"node-596518884","Makeup Academy","med_spa","","","","32.6439116","-117.0806967","overpass","1.1"
"node-9836949048","Margo's Salón & Spa Playas","med_spa","","","","32.5294091","-117.117179","overpass","1.1"
"node-10861619962","MayHealthyStudio","med_spa","","","","32.5200072","-117.0231537","overpass","1.1"
"node-7722437594","Mimosa Nails & Spa","med_spa","","","","32.9828115","-117.074304","overpass","1.1"
"way-516728505","Monique's Beauty Salon","med_spa","","","","32.7013846","-117.1246632","overpass","1.1"
"way-1257032372","Nail & Relax Spa","med_spa","","","","32.8196979","-117.1500611","overpass","1.1"
"node-1727124146","Nail Connection","med_spa","","","","32.8535622","-117.2026606","overpass","1.1"
"node-9366157838","Nail Express","med_spa","","","","32.7475389","-116.9867665","overpass","1.1"
"node-6355766025","Nail Spa Plus","med_spa","","","","32.6287452","-116.9650887","overpass","1.1"
"node-11044502848","Nail Studio Coronado","med_spa","","","","32.6882957","-117.1787619","overpass","1.1"
"node-10894567152","Nails & Spa on 56","med_spa","","","","32.9395554","-117.2314751","overpass","1.1"
"node-6283807350","Nails 2000","med_spa","","","","32.9540446","-117.2300287","overpass","1.1"
"node-276540617","Nails 2000+","med_spa","","","","32.8625811","-117.2241141","overpass","1.1"
"node-2990317052","Nails by Mary","med_spa","","","","32.8196868","-117.174537","overpass","1.1"
"node-11527216746","Nancy's Nails","med_spa","","","","32.8396371","-117.275597","overpass","1.1"
"node-6032859437","Nina international beauty salon","med_spa","","","","32.677539","-117.0953369","overpass","1.1"
"node-13194652569","NV Spa","med_spa","","","","32.9165677","-117.126396","overpass","1.1"
"node-6582367060","O’Leisure Nails & Spa","med_spa","","","","32.7503787","-117.2133041","overpass","1.1"
"node-1572280746","One Stop Hair & Nails","med_spa","","","","32.818604","-117.178497","overpass","1.1"
"node-9368683624","Ooh La La Nails","med_spa","","","","32.7869525","-116.9275176","overpass","1.1"
"node-9771024253","Opulance Salon","med_spa","","","","32.8395047","-117.2788286","overpass","1.1"
"node-11733186491","Orogold","med_spa","","","","32.516644","-117.0154566","overpass","1.1"
"node-12083754413","Pacific Beach Nails & Spa","med_spa","","","","32.7986759","-117.2453394","overpass","1.1"
"node-2376665891","Park Jun's SD Beauty Lab","med_spa","","","","32.8318474","-117.1659696","overpass","1.1"
"node-12078923511","PB Timeless Nails","med_spa","","","","32.7992262","-117.2441723","overpass","1.1"
"way-486933264","Pheonix Salons","med_spa","","","","32.718575","-117.1559186","overpass","1.1"
"node-9345114006","Pinamart Salón","med_spa","","","","32.5311601","-116.9517058","overpass","1.1"
"node-1741942400","PNT Nails","med_spa","","","","32.7679844","-117.1493099","overpass","1.1"
"node-9179215673","Poway Nails and Spa","med_spa","","","","32.9574604","-117.0385825","overpass","1.1"
"node-12653491366","PQ Deluxe Nails & Spa","med_spa","","","","32.9568149","-117.1263436","overpass","1.1"
"node-12394356345","Promenade Nail Lounge","med_spa","","","","32.5772433","-117.0362063","overpass","1.1"
"node-10270088947","Radiance","med_spa","","","","32.8669815","-117.2060221","overpass","1.1"
"node-9181610025","Regal Nails","med_spa","","","","32.7416564","-117.053555","overpass","1.1"
"node-11974188767","Revive","med_spa","","","","32.8720538","-117.2084121","overpass","1.1"
"node-6026181612","Romantic Nails","med_spa","","","","32.8015489","-117.1584828","overpass","1.1"
"node-2985490716","Rose Nails","med_spa","","","","32.7951509","-117.1925243","overpass","1.1"
"node-9359626182","Rose's Nails","med_spa","","","","32.9819974","-117.0608659","overpass","1.1"
"node-6540120895","Royal Bee","med_spa","","","","32.6297051","-117.0858076","overpass","1.1"
"node-11481481164","Salon Coco","med_spa","","","","32.5112107","-116.9873409","overpass","1.1"
"node-9771024255","Salon Massimo","med_spa","","","","32.8396739","-117.2788847","overpass","1.1"
"node-3732386999","Santo Asian Spa","med_spa","","","","32.830718","-117.1035165","overpass","1.1"
"node-9366051450","Sassy Nails Salon","med_spa","","","","32.7453818","-116.9276441","overpass","1.1"
"node-7732654453","SD Nails","med_spa","","","","32.8307895","-117.1384912","overpass","1.1"
"node-6355775338","Serena Hair and Nails","med_spa","","","","32.6195523","-116.9614744","overpass","1.1"
"node-12230459313","Serenity","med_spa","","","","32.9615756","-117.1896885","overpass","1.1"
"node-6328046090","Serenity Nail and Spa","med_spa","","","","32.6232873","-116.9643598","overpass","1.1"
"node-10736100985","SK Nail Spa","med_spa","","","","32.7667166","-117.1831849","overpass","1.1"
"node-12076331490","Skin Habit","med_spa","","","","32.7980245","-117.2503909","overpass","1.1"
"node-11974178040","Skin Laundry","med_spa","","","","32.8722195","-117.2088392","overpass","1.1"
"node-6630307852","Sola Salons","med_spa","","","","32.6502163","-116.9692136","overpass","1.1"
"node-11054106726","Star Nails","med_spa","","","","32.8422038","-116.9811266","overpass","1.1"
"node-8905870400","Strand’s Nails","med_spa","","","","32.7461659","-117.2496459","overpass","1.1"
"node-12164434790","Styles Nails & Spa","med_spa","","","","32.8238975","-116.9033966","overpass","1.1"
"node-9775355747","Sun Barber","med_spa","","","","32.8303248","-117.2769618","overpass","1.1"
"node-10586052225","Sunny Nails & Spa","med_spa","","","","32.8563595","-116.9718095","overpass","1.1"
"node-1459192969","Tan Diego Tanning Salon","med_spa","","","","32.8300985","-117.20211","overpass","1.1"
"node-6794308759","The Cosmetics Company Store","med_spa","","","","32.5441312","-117.0432989","overpass","1.1"
"node-8395181944","The Laser Cafe","med_spa","","","","32.7482508","-117.1530829","overpass","1.1"
"node-10083148997","The Nail Lounge & Spa","med_spa","","","","32.9628091","-117.0919432","overpass","1.1"
"node-13007047852","The Nail Shop","med_spa","","","","32.8471546","-117.2729487","overpass","1.1"
"node-12164326102","The New Me Nails","med_spa","","","","32.7747112","-117.1565858","overpass","1.1"
"node-9035051279","TJLash","med_spa","","","","32.5049846","-116.9764857","overpass","1.1"
"node-6558346142","TLC Hair & Nails","med_spa","","","","32.8393682","-117.0986604","overpass","1.1"
"node-8395216922","Tokyo Blonde Paul Mitchell","med_spa","","","","32.7482484","-117.1528752","overpass","1.1"
"node-6636255642","Top Star Nails","med_spa","","","","32.8223092","-117.1019475","overpass","1.1"
"node-12223003804","Total Beauty Bar","med_spa","","","","32.7422939","-117.2333308","overpass","1.1"
"node-7844417943","Uptown New York Style Salon","med_spa","","","","32.9906428","-117.2606744","overpass","1.1"
"node-9716284497","Urban Alchemy Salon Studio","med_spa","","","","32.7246179","-117.1599293","overpass","1.1"
"node-9301845254","UTC Nails Lounge & Spa","med_spa","","","","32.8700652","-117.2335638","overpass","1.1"
"node-4933000865","Valley Nails","med_spa","","","","32.9151194","-117.145804","overpass","1.1"
"node-13337455110","Viet Nails Supply","med_spa","","","","32.7562433","-117.0940392","overpass","1.1"
"node-9311519587","VIP Nails Spa","med_spa","","","","32.9799565","-117.0771048","overpass","1.1"
"node-3884003930","Visage Beauty Salon","med_spa","","","","32.7225553","-117.1675765","overpass","1.1"
"node-6389982128","Vivid Nails","med_spa","","","","32.6488749","-116.9662531","overpass","1.1"
"node-3271743263","Weight and Cosmetic","med_spa","","","","32.7524151","-117.2043885","overpass","1.1"
"node-11687195397","Sol","med_spa","","","","32.5141421","-116.9875832","overpass","0.8"
